-- Poblar tabla medical_center
INSERT INTO medical_center (id, name, address, phone, email) VALUES
(1, 'Centro Médico Central', 'Av. Principal 123', '123456789', 'central@meditrack.com'),
(2, 'Clínica Norte', 'Calle Norte 456', '987654321', 'norte@meditrack.com');

-- Poblar tabla pavilion
INSERT INTO pavilion (id, name, medical_center_id) VALUES
(1, 'Pabellón A', 1),
(2, 'Pabellón B', 2);

-- Poblar tabla store
INSERT INTO store (id, name, type, medical_center_id) VALUES
(1, 'Bodega Principal', 'central', 1),
(2, 'Bodega Secundaria', 'secundaria', 2);

-- Poblar tabla batch
INSERT INTO batch (id, expiration_date, amount, supplier, store_id) VALUES
(1, '2026-12-31', 100, 'Proveedor Uno', 1),
(2, '2025-08-16', 50, 'Proveedor Dos', 2);

INSERT INTO medical_supply (id, code, code_supplier, name, batch_id) VALUES
(1, 1001, 5001, 'Guantes', 1),
(2, 1002, 5002, 'Mascarillas', 2),
(3, 18040076, NULL, 'CLIPS DE ANEURISMA B-BRAUN', 1),
(4, 18072829, NULL, 'FIJADOR REILATACK MEDTRONIC', 1),
(5, 18074681, NULL, 'CATETER TRAUMACATH PROMEDON', 1),
(6, 18074681, NULL, 'HOOK LAPAROSCOPICO PROMEDON', 1),
(7, 18073896, NULL, 'GIA MORADAS MEDTRONIC', 1),
(8, 18073897, NULL, 'RECARGAS MORADAS MEDTRONIC', 1),
(9, 18073008, NULL, 'CARACASA SIGNIA MEDTRONIC', 1),
(10, 18071859, NULL, 'PROTESIS UNIGRAF B-BRAUN', 1),
(11, 18073361, NULL, 'ENDO-ESPONGE ZEPEDA', 1),
(12, 18074566, NULL, 'MALLA DEXTILE MEDTRONIC', 1),
(13, 18074760, NULL, 'V-LOC 2,0 MEDTRONIC', 1),
(14, 18073673, NULL, 'LIGASURE THORACIC MEDTRONIC', 1),
(15, 18191872, NULL, 'PICO7 2 MEDIDAS', 1),
(16, 18074762, NULL, 'COLLAR CERVICAL ASPEN PROMEDIKA', 1),
(17, 18073692, NULL, 'KIT AGUJA DE BIOPSIA MEDTRONIC', 1),
(18, 18075075, NULL, 'PUNTA PCI MEDTRONIC', 1),
(19, 18074293, NULL, 'PINZAS DESECHABLES BAYONETA ALCOMEDICAL', 1),
(20, 18027882, NULL, 'ANCLAS MINI SYNTHES', 1),
(21, 18195632, NULL, 'INJERTOS OSEO HARMONY', 1),
(22, 18190830, NULL, 'BIPOLAR AQUA MANTYS MEDTRONIC', 1),
(23, 18029926, NULL, 'FRESAS MOTOR ANSPACH', 1),
(24, 18074679, NULL, 'FRESAS TRAPANACION ALCOMEDICAL', 1),
(25, 18074631, NULL, 'FRESAS MOTOR VELOCITY ALCOMEDICAL', 1),
(26, 18191803, NULL, 'PINZAS DESECHABLES BAYONETA TECHNOMED', 1),
(27, 18074788, NULL, 'PROTESIS VASCULARES  ARLAB-FRIMED', 1),
(28, 18071828, NULL, 'PARCHE DE CAROTIDA B-BRAUN', 1),
(29, 18073160, NULL, 'ESPATULA DE NEURO B-BRAUN', 1),
(30, 18074036, NULL, 'CONEXIÓN URETERO-FLEXIBLE BOSTON', 1),
(31, 18075091, NULL, 'CATETER TRIA BOSTON PERMANENTE', 1),
(32, 18063929, NULL, 'CATETER DOBLE J BOSTON PERMANENTE', 1),
(33, 18074617, NULL, 'PINZAS BAYONETA UROLOGIA CEGASURGICAL', 1),
(34, 18072366, NULL, 'ENDOBLOQUEADOR ADULTO Y PEDIATRICO CENCOMEX', 1),
(35, 18061340, NULL, 'DILATADORES PECUTANEOS URO CENCOMEX', 1),
(36, 18090022, NULL, 'MANGO ROJO URO CENCOMEX', 1),
(37, 18072014, NULL, 'GUIA HIDROFILICA 0,25 URO CENCOMEX', 1),
(38, 18061315, NULL, 'CATETER URO PEDIATRICO 3,0 CENCOMEX', 1),
(39, 18071317, NULL, 'AGUJA WILLIAMS 35 Y 45 CENCOMEX', 1),
(40, 18061410, NULL, 'CATETER PERMANENTE URO UFH-600 CENCOMEX', 1),
(41, 18072185, NULL, 'CATETER MONO J URO CENCOMEX', 1),
(42, 18074958, NULL, 'VAINAS CON ASPIRACION 38-48 URO CENCOMEX', 1),
(43, 18074164, NULL, 'VENASEAL', 1),
(44, 18061625, NULL, 'PALINDROME 44-55 CMS', 1),
(45, 18074329, NULL, 'JAFRON HEMOFILTRO', 1),
(46, 18120370, NULL, 'CYTOSORB HEMOFILTRO', 1),
(47, 18074026, NULL, 'URETERO FLEXIBLE BOSTON', 1),
(48, 18120393, NULL, 'CABLE PERICARDICO ARLAB', 1),
(49, 18150159, NULL, 'LENTE INTRAOCULAR MULTIFOCAL SN6AT2', 1),
(50, 18150147, NULL, 'LENTE INTRAOCULAR MA60AC', 1),
(51, 18150082, NULL, 'LENTE INTRAOCULAR MODELO MN60MA', 1),
(52, 18150224, NULL, 'LENTE INTRAOCULAR TFNT40', 1),
(53, 18072866, NULL, 'LENTE INTRAOCULAR PANOPIA  TORICO TFNT60', 1),
(54, 18150226, NULL, 'LENTE INTRAOCULAR SN60WF', 1),
(55, 18191049, NULL, 'LENTE INTRAOCULAR TFNT50', 1),
(56, 18150218, NULL, 'LENTE INTRAOCULAR TFNT20', 1),
(57, 18150205, NULL, 'LENTE INTRAOCULAR PANOPTIX TFNTOO', 1),
(58, 18150240, NULL, 'LENTE INTRAOUCLAR STRT377814', 1),
(59, 18150246, NULL, 'LENTE INTRAOCULAR CLAREON AUTONOM CNAOTO', 1),
(60, 18150233, NULL, 'LENTE INTRAOCUALR MODELO 6A60AT', 1),
(61, 18150235, NULL, 'LENTE INTRAOCULAR REFRACTIVO STRT350189', 1),
(62, 18150236, NULL, 'LENTE INTRAOCULAR REFRACTARIO STRT231682', 1),
(63, 18150237, NULL, 'LENTE INTRAOCULAR REFRACTIVO STRS710772', 1),
(64, 18150238, NULL, 'LENTE INTRAOCULAR REFRACTIVO STRS730905', 1),
(65, 18150249, NULL, 'LENTE INTRAOCUAR STRT5277227', 1),
(66, 18150250, NULL, 'LENTE INTRAOCULAR STRT579754', 1),
(67, 18150251, NULL, 'LENTE INTRAOCULAR STRT527227', 1),
(68, 18150243, NULL, 'LENTE INTRAOCULAR ESFERICO MIOPE', 1),
(69, 18150247, NULL, 'LENTE INTRAOCULAR STR T600737', 1),
(70, 18150248, NULL, 'LENTE INTRAOCULAR STR T601993', 1),
(71, 18073179, NULL, 'STR T412505 LENTE INTRAOCULAR REF VTICMO', 1),
(72, 18150253, NULL, 'LENTE INTRAOCULAR STRT578883', 1),
(73, 18150103, NULL, 'LENTE INTRAOCULAR SN60AT', 1),
(74, 18073698, NULL, 'LENTE  INTRAOCULAR REFRACTIVO STRT571726', 1),
(75, 18150273, NULL, 'LENTE INTRAOCULAR MA60MA', 1),
(76, 18150254, NULL, 'LENTE INTRAOCUAR ICL STRT685900', 1),
(77, 18150255, NULL, 'LENTE INTRAOCULAR ICL STRT534874', 1),
(78, 18150256, NULL, 'LENTE INTRAOCULAR ICL STRT685896', 1),
(79, 18150257, NULL, 'LENTE INTRAOCULAR ICL STRT580383', 1),
(80, 18150258, NULL, 'LENTE INTRAOCULAR ICL STRT655727', 1),
(81, 18150259, NULL, 'LENTE INTRAOCULAR ICL STRT655726', 1),
(82, 18194175, NULL, 'TAPON INTRAOCULAR 130611', 1),
(83, 18074179, NULL, 'LENTE INTRAOCULAR DFT215', 1),
(84, 18073935, NULL, 'LENTE INTRAOCULAR ZCB00185', 1),
(85, 18073936, NULL, 'LENTE INTRAOCULAR ZCBOO175', 1),
(86, 18073938, NULL, 'LENTE INTRAOCULAR A601G', 1),
(87, 18074775, NULL, 'LENTE INTRAOCULAR CNW0T6', 1),
(88, 18074812, NULL, 'LENTE INTRAOCULAR CNWTTO', 1),
(89, 18074813, NULL, 'LENTE INTRAOCULAR CNWOT4', 1),
(90, 18074787, NULL, 'LENTE INTRAOCULAR CNWTT2', 1),
(91, 18074874, NULL, 'LENTE INTRAOCULAR CNWETO', 1),
(92, 18074660, NULL, 'LENTE INTRAOCULAR DFT615', 1),
(93, 18075190, NULL, 'LENTE INTRAOCULAR CLAREON CNWOT5', 1),
(94, 18075191, NULL, 'LENTE INTRAOCULAR CLAREON CNWOT6', 1),
(95, 18075206, NULL, 'LENTE INTRAOCULAR CNWET3', 1),
(96, 18075207, NULL, 'LENTE  INTRAOCULAR CNWET4', 1),
(97, 18150274, NULL, 'LENTE INTRAOCULAR CLAREON CNWET2', 1),
(98, 18150275, NULL, 'LENTE INTRAOCULAR CLAREON CNWET6', 1),
(99, 18075211, NULL, 'LENTE INTRAOCULAR CLAREON PANOPTIX CNWTT4', 1),
(100, 18075212, NULL, 'LENTE INTRAOCULAR CLAREON PANOPTIX CNWTT2', 1),
(101, 18074733, NULL, 'LENTE INTRAOCULAR CNWTT3', 1),
(102, 18150254, NULL, 'LENTE INTRAOCUAR ICL STRT685900', 1),
(103, 18150255, NULL, 'LENTE INTRAOCULAR ICL STRT534874', 1),
(104, 18150256, NULL, 'LENTE INTRAOCULAR ICL STRT685896', 1),
(105, 18150257, NULL, 'LENTE INTRAOCULAR ICL STRT580383', 1),
(106, 18150258, NULL, 'LENTE INTRAOCULAR ICL STRT655727', 1),
(107, 18150259, NULL, 'LENTE INTRAOCULAR ICL STRT655726', 1),
(108, 18074377, NULL, 'LENTE INTRAUCULAR ICL REFRACTIVO', 1);

-- Poblar tabla "user"
INSERT INTO "user" (rut, name, email, password, role, medical_center_id) VALUES
('12345678-9', 'Juan Pérez', 'juan@meditrack.com', 'password123', 'admin', 1),
('98765432-1', 'Ana Gómez', 'ana@meditrack.com', 'password456', 'doctor', 2);

-- Poblar tabla supply_history
INSERT INTO supply_history (id, date_time, status, destination_type, destination_id, medical_supply_id, user_rut) VALUES
(1, '2025-08-16 10:00:00', 'entregado', 'pavilion', 1, 1, '12345678-9'),
(2, '2025-08-16 11:00:00', 'recibido', 'store', 2, 2, '98765432-1');
